cat_id,UK Average,decile1,decile2,decile3,decile4,decile5,decile6,decile7,decile8,decile9,decile10
foodhotdrinks,417.5421735,260.4147523,269.9136537,326.4091352,362.6578673,421.8181779,436.0567071,458.5090237,500.0198056,514.7112054,610.8429212
spiritswinebeer,77.21251888,44.32434703,44.39764878,51.01598528,58.77099,67.29756944,64.70683233,80.91797704,112.0526832,103.7121898,139.7891601
tobacco,67.23957879,42.91532892,47.12349829,51.93417691,60.83055125,62.14518242,64.37768963,69.64508344,90.90231314,80.27311051,100.241163
clothes,216.2318306,103.0574575,95.15236984,119.6577914,225.14391,190.3340636,203.251497,266.0532119,304.477872,281.2069381,365.4561262
rent,1221.584743,1286.104622,809.3410627,1021.608533,999.3822789,1106.725291,1055.545622,1209.980846,1155.402116,1408.27016,2016.674358
ooh,2412.344464,1670.039603,1119.393704,1395.113866,1630.035691,1573.018075,1717.290161,2012.962794,2104.993613,2675.8803,4027.881216
maintenance,10.57497129,8.092560784,7.553116627,7.918496342,6.525400442,11.70256599,7.60936499,12.89644496,10.60066228,17.60989713,14.71142814
water,34.32917836,28.33371087,27.23079007,29.24262059,31.02119574,35.08442542,34.84573471,34.40814969,38.36043534,40.17167229,43.72169704
electricitygasfuels,151.0436326,125.606514,116.3418941,130.8152464,132.0793869,143.4744106,148.3714522,153.4436189,174.5045624,169.0302319,211.0482002
counciltax,127.6464542,93.28727143,87.28593623,98.08372893,108.6533115,121.6021615,127.2099863,142.6038195,149.0031116,161.9097401,182.2204804
furniture,206.2036899,148.3450392,106.7635705,126.1628357,168.0122312,170.7963497,179.7902311,202.8674633,283.579563,327.4685716,335.3469057
nongrocery,24.11816287,14.0059461,15.86733975,20.50751633,21.45861154,23.15915079,24.64510044,24.10624525,30.78536262,30.59514032,35.29500803
health,120.1559339,70.2685819,66.03437208,85.76614146,77.84975398,96.05827235,113.2435653,176.4817854,122.572691,170.2303548,214.1848634
vehicles,157.0398439,69.58129794,28.64411384,89.12791704,92.7653139,112.6726305,111.6912342,164.3153897,234.2230613,194.2817171,443.5006255
othermotoring,134.7902224,57.693613,52.86283053,66.71715294,91.46523576,96.98756608,136.3701193,149.7054774,183.3842477,217.428996,281.3135134
petroldiesel,113.9621495,55.7942917,50.1337095,72.1479879,101.071038,98.49521931,121.3410305,141.3421194,161.7464147,158.8292794,176.0079634
trainfares,31.14406573,11.87361166,13.07677497,15.6561274,19.83888364,28.62126865,31.04136987,27.18989016,37.57476768,46.6094388,75.03428478
busfares,36.8422344,27.63618894,30.70812906,21.29449585,30.80163739,35.54971256,25.86780863,36.18921128,47.45635163,48.06995404,62.31998352
holidays,263.6287216,112.054838,78.07806189,99.56220008,145.340919,154.8701382,211.0663002,249.1181031,317.7396731,413.9761921,792.4033032
internet,42.00467186,20.78867799,23.53808729,29.60401502,34.05148164,39.23751061,42.4621533,47.82592253,58.30974479,55.0415391,67.66488197
mobilephone,39.93635481,19.76504002,22.37906794,28.14630838,32.374781,37.30544904,40.37130979,45.47096612,55.43856323,52.33128453,64.33305189
electrical,53.41983583,27.33286451,21.13669278,27.30066731,35.1088991,42.57343497,50.10322005,58.70873833,61.83766751,78.58591956,123.6982525
otherleisure,148.901702,95.76789679,75.80917681,102.9989077,122.2739886,139.5995338,142.1197826,164.9999519,171.0803763,197.5208427,264.854912
games,36.79433344,10.76470358,11.61036524,25.23327825,28.41225747,57.66985847,29.1718637,50.57618024,46.42438906,49.28534521,57.8481045
gardening,19.46268276,18.54860408,15.6197838,12.81165605,16.51505951,20.21726269,17.91153946,20.9838846,24.81583701,24.27514883,22.75143346
pets,53.17261074,29.76925072,26.76351761,51.78018295,45.45885575,34.43772471,51.75839868,67.2229124,56.25089769,81.17886687,84.23282466
entertainment,50.11401712,27.00375791,27.62950889,26.41825615,36.12489221,45.31624917,45.79513098,47.23676081,65.27320539,70.83758542,103.8889197
tv,36.29103517,19.5552938,20.00844348,19.13129137,26.16053969,32.81663868,33.16343021,34.20741435,47.26885468,51.29840815,75.23317142
education,109.58552,63.49466181,54.15513758,70.03678838,82.61599869,95.67904386,101.7104358,119.6778136,135.7971667,148.4801212,213.7371922
eatingout,421.9841099,191.8529931,165.1584867,203.4136142,279.2403106,350.0890647,395.3192417,527.4249889,511.2324677,598.3615673,945.4363042
personalcare,79.62611855,48.21841357,41.27122846,58.72416443,70.53651959,71.55095866,80.76282129,83.99902945,101.4753337,95.84718097,138.6677172
childcare,38.36648725,25.1120012,19.82492513,24.56554061,32.2522769,32.83017836,35.94632242,41.06897503,46.87314031,50.46493031,71.35557687
residentialcare,12.41314617,8.124771485,6.414183605,7.947968872,10.43494613,10.62192116,11.63012271,13.28751279,15.16540043,16.32749312,23.0864817
insurance,159.1556773,103.5058101,90.3681868,93.10098112,115.4660071,135.1398005,156.8892664,174.3492745,211.7083813,204.0581438,294.4193097
other,0,0,0,0,0,0,0,0,0,0,0
